"","term","estimate","lci","uci"
"1","(Intercept)",118.563394683026,117.797497292476,119.329292073575
"2","factor(Education)Some College",3.75034128704312,2.65496602845638,4.84571654562986
"3","factor(Education)High School",5.14008022044841,3.9265678987616,6.35359254213521
"4","factor(Education)9 - 11th Grade",4.68817764401711,3.26344845904718,6.11290682898704
"5","factor(Education)8th Grade",7.92063480100278,6.07517221024909,9.76609739175648
