"","term","estimate","lci","uci"
"1","(Intercept)",119.479024390244,118.41930329122,120.538745489267
"2","factor(Education)Some College",3.32967126193009,1.78883152369627,4.87051100016392
"3","factor(Education)High School",5.81846664918272,4.0335623353042,7.60337096306124
"4","factor(Education)9 - 11th Grade",4.35659204811229,2.28858245463893,6.42460164158565
"5","factor(Education)8th Grade",8.91888136891822,6.24500277128516,11.5927599665513
